pid,artist,location,label,_date,object_type,current_location,source,order,layout,collection,thumbnail,full,manifest
obj1,Steve Gonyea,Onondaga Nation,america1777,2005,painting,,,1,gallery_item,visual-gallery,"/img/derivatives/iiif/images/obj1_00/full/250,/0/default.jpg",/img/derivatives/iiif/images/obj1_00/full/full/0/default.jpg,/img/derivatives/iiif/obj1/manifest.json
obj10,Alan Michelson,online,Indian Time 1,1996,watches,,,10,gallery_item,visual-gallery,"/img/derivatives/iiif/images/obj10/full/250,/0/default.jpg",/img/derivatives/iiif/images/obj10/full/full/0/default.jpg,/img/derivatives/iiif/obj10/manifest.json
obj100,,,Wyoming Massacre,6/8/06,photo,,,100,gallery_item,visual-gallery,"/img/derivatives/iiif/images/obj100/full/250,/0/default.jpg",/img/derivatives/iiif/images/obj100/full/full/0/default.jpg,/img/derivatives/iiif/obj100/manifest.json
obj101,,,Immediate Retaliation,6/8/06,photo,,,101,gallery_item,visual-gallery,"/img/derivatives/iiif/images/obj101/full/250,/0/default.jpg",/img/derivatives/iiif/images/obj101/full/full/0/default.jpg,/img/derivatives/iiif/obj101/manifest.json
obj102,,,Hartley's Revenge,6/8/06,photo,,,102,gallery_item,visual-gallery,,,
obj103,,,Once A Crossroads,6/8/06,photo,,,103,gallery_item,visual-gallery,"/img/derivatives/iiif/images/obj103/full/250,/0/default.jpg",/img/derivatives/iiif/images/obj103/full/full/0/default.jpg,/img/derivatives/iiif/obj103/manifest.json
obj104,,,The Setting,4/30/06,photo,,,104,gallery_item,visual-gallery,"/img/derivatives/iiif/images/obj104/full/250,/0/default.jpg",/img/derivatives/iiif/images/obj104/full/full/0/default.jpg,/img/derivatives/iiif/obj104/manifest.json
obj105,,,Back to the Present,4/30/06,photo,,,105,gallery_item,visual-gallery,"/img/derivatives/iiif/images/obj105/full/250,/0/default.jpg",/img/derivatives/iiif/images/obj105/full/full/0/default.jpg,/img/derivatives/iiif/obj105/manifest.json
obj106,,,Across the Threshold,4/30/06,photo,,,106,gallery_item,visual-gallery,"/img/derivatives/iiif/images/obj106/full/250,/0/default.jpg",/img/derivatives/iiif/images/obj106/full/full/0/default.jpg,/img/derivatives/iiif/obj106/manifest.json
obj107,,,From the 5th Iroquois Biennial,4/30/06,photo,,,107,gallery_item,visual-gallery,,,
obj108,,,Indians Have Always Paid the Price,4/30/06,photo,,,108,gallery_item,visual-gallery,"/img/derivatives/iiif/images/obj108/full/250,/0/default.jpg",/img/derivatives/iiif/images/obj108/full/full/0/default.jpg,/img/derivatives/iiif/obj108/manifest.json
obj109,,,From the 5th Iroquois Biennial,4/30/06,photo,,,109,gallery_item,visual-gallery,"/img/derivatives/iiif/images/obj109/full/250,/0/default.jpg",/img/derivatives/iiif/images/obj109/full/full/0/default.jpg,/img/derivatives/iiif/obj109/manifest.json
obj11,Alan Michelson,online,Indian Time 2,1996,watches,,,11,gallery_item,visual-gallery,"/img/derivatives/iiif/images/obj11/full/250,/0/default.jpg",/img/derivatives/iiif/images/obj11/full/full/0/default.jpg,/img/derivatives/iiif/obj11/manifest.json
obj110,,,East Wall 1,4/30/06,photo,,,110,gallery_item,visual-gallery,"/img/derivatives/iiif/images/obj110/full/250,/0/default.jpg",/img/derivatives/iiif/images/obj110/full/full/0/default.jpg,/img/derivatives/iiif/obj110/manifest.json
obj111,,,East Wall 2,4/30/06,photo,,,111,gallery_item,visual-gallery,"/img/derivatives/iiif/images/obj111/full/250,/0/default.jpg",/img/derivatives/iiif/images/obj111/full/full/0/default.jpg,/img/derivatives/iiif/obj111/manifest.json
obj112,,,West Wall,4/30/06,photo,,,112,gallery_item,visual-gallery,"/img/derivatives/iiif/images/obj112/full/250,/0/default.jpg",/img/derivatives/iiif/images/obj112/full/full/0/default.jpg,/img/derivatives/iiif/obj112/manifest.json
obj113,,,From the 5th Iroquois Biennial,4/30/06,photo,,,113,gallery_item,visual-gallery,"/img/derivatives/iiif/images/obj113/full/250,/0/default.jpg",/img/derivatives/iiif/images/obj113/full/full/0/default.jpg,/img/derivatives/iiif/obj113/manifest.json
obj114,,,225th Anniversary Fields of Fire Installation at the AICH,6/2/06,photo,,Photos by Clint Fisher,114,gallery_item,visual-gallery,"/img/derivatives/iiif/images/obj114/full/250,/0/default.jpg",/img/derivatives/iiif/images/obj114/full/full/0/default.jpg,/img/derivatives/iiif/obj114/manifest.json
obj115,,,Fields of Fire,6/2/06,photo,,Photos by Clint Fisher,115,gallery_item,visual-gallery,"/img/derivatives/iiif/images/obj115/full/250,/0/default.jpg",/img/derivatives/iiif/images/obj115/full/full/0/default.jpg,/img/derivatives/iiif/obj115/manifest.json
obj116,,,Commander-in- chief,6/2/06,photo,,Photos by Clint Fisher,116,gallery_item,visual-gallery,"/img/derivatives/iiif/images/obj116/full/250,/0/default.jpg",/img/derivatives/iiif/images/obj116/full/full/0/default.jpg,/img/derivatives/iiif/obj116/manifest.json
obj117,,,Bearing Witness,6/2/06,photo,,Photos by Clint Fisher,117,gallery_item,visual-gallery,"/img/derivatives/iiif/images/obj117/full/250,/0/default.jpg",/img/derivatives/iiif/images/obj117/full/full/0/default.jpg,/img/derivatives/iiif/obj117/manifest.json
obj118,,,Fields of Fire 2,6/2/06,photo,,Photos by Clint Fisher,118,gallery_item,visual-gallery,"/img/derivatives/iiif/images/obj118/full/250,/0/default.jpg",/img/derivatives/iiif/images/obj118/full/full/0/default.jpg,/img/derivatives/iiif/obj118/manifest.json
obj119,,,aka Town Destroyer,6/2/06,photo,,Photos by Clint Fisher,119,gallery_item,visual-gallery,"/img/derivatives/iiif/images/obj119/full/250,/0/default.jpg",/img/derivatives/iiif/images/obj119/full/full/0/default.jpg,/img/derivatives/iiif/obj119/manifest.json
obj12,Alan Michelson,online,No York,1997,painting,,,12,gallery_item,visual-gallery,"/img/derivatives/iiif/images/obj12/full/250,/0/default.jpg",/img/derivatives/iiif/images/obj12/full/full/0/default.jpg,/img/derivatives/iiif/obj12/manifest.json
obj120,,,Longhouse Burning,6/2/06,photo,,Photos by Clint Fisher,120,gallery_item,visual-gallery,"/img/derivatives/iiif/images/obj120/full/250,/0/default.jpg",/img/derivatives/iiif/images/obj120/full/full/0/default.jpg,/img/derivatives/iiif/obj120/manifest.json
obj121,,,identity theft,6/2/06,photo,,Photos by Clint Fisher,121,gallery_item,visual-gallery,"/img/derivatives/iiif/images/obj121/full/250,/0/default.jpg",/img/derivatives/iiif/images/obj121/full/full/0/default.jpg,/img/derivatives/iiif/obj121/manifest.json
obj122,,,Oneida Silver,6/2/06,photo,,Photos by Clint Fisher,122,gallery_item,visual-gallery,"/img/derivatives/iiif/images/obj122/full/250,/0/default.jpg",/img/derivatives/iiif/images/obj122/full/full/0/default.jpg,/img/derivatives/iiif/obj122/manifest.json
obj123,Henry Hall,,Gen. James Clinton,c. 1861,print,"The Miriam and Ira D. Wallach Division of Art, Prints and Photographs: Print Collection, The New York Public Library",http://digitalcollections.nypl.org/items/510d47da-2756-a3d9-e040-e00a18064a99,123,gallery_item,visual-gallery,"/img/derivatives/iiif/images/obj123/full/250,/0/default.jpg",/img/derivatives/iiif/images/obj123/full/full/0/default.jpg,/img/derivatives/iiif/obj123/manifest.json
obj13,Steve Gonyea,Onondaga Nation,america1777,2005,painting,,,13,gallery_item,visual-gallery,"/img/derivatives/iiif/images/obj13/full/250,/0/default.jpg",/img/derivatives/iiif/images/obj13/full/full/0/default.jpg,/img/derivatives/iiif/obj13/manifest.json
obj14,John Vanderlyn,,The Death of Jane McCrea,1804,painting,"Wadsworth Atheneum, Hartford, Connecticut, USA",https://commons.wikimedia.org/wiki/File:The_Death_of_Jane_McCrea_John_Vanderlyn_1804.jpeg,14,gallery_item,visual-gallery,"/img/derivatives/iiif/images/obj14/full/250,/0/default.jpg",/img/derivatives/iiif/images/obj14/full/full/0/default.jpg,/img/derivatives/iiif/obj14/manifest.json
obj15,David Kanietakeron Fadden,online,Clearing Darkness: The First Condolence,2006,painting,,,15,gallery_item,visual-gallery,"/img/derivatives/iiif/images/obj15/full/250,/0/default.jpg",/img/derivatives/iiif/images/obj15/full/full/0/default.jpg,/img/derivatives/iiif/obj15/manifest.json
obj16,,,Boyd-Parker Park 2,6/10/06,photo,,,16,gallery_item,visual-gallery,"/img/derivatives/iiif/images/obj16/full/250,/0/default.jpg",/img/derivatives/iiif/images/obj16/full/full/0/default.jpg,/img/derivatives/iiif/obj16/manifest.json
obj17,Ernest Smith,,Driven from Home ,1936,painting,,,17,gallery_item,visual-gallery,"/img/derivatives/iiif/images/obj17/full/250,/0/default.jpg",/img/derivatives/iiif/images/obj17/full/full/0/default.jpg,/img/derivatives/iiif/obj17/manifest.json
obj18,,,Little Beard's Town Map,6/10/06,map,,,18,gallery_item,visual-gallery,"/img/derivatives/iiif/images/obj18/full/250,/0/default.jpg",/img/derivatives/iiif/images/obj18/full/full/0/default.jpg,/img/derivatives/iiif/obj18/manifest.json
obj19,,,Little Beards Town Marker,6/10/06,photo,,,19,gallery_item,visual-gallery,"/img/derivatives/iiif/images/obj19/full/250,/0/default.jpg",/img/derivatives/iiif/images/obj19/full/full/0/default.jpg,/img/derivatives/iiif/obj19/manifest.json
obj2,Peter Jemison,online,At The Border,1984,painting,,,2,gallery_item,visual-gallery,"/img/derivatives/iiif/images/obj2/full/250,/0/default.jpg",/img/derivatives/iiif/images/obj2/full/full/0/default.jpg,/img/derivatives/iiif/obj2/manifest.json
obj20,,,Karmic Justice?,6/10/06,photo,,,20,gallery_item,visual-gallery,"/img/derivatives/iiif/images/obj20/full/250,/0/default.jpg",/img/derivatives/iiif/images/obj20/full/full/0/default.jpg,/img/derivatives/iiif/obj20/manifest.json
obj21,,,The Bitter Waters,6/10/06,photo,,,21,gallery_item,visual-gallery,"/img/derivatives/iiif/images/obj21/full/250,/0/default.jpg",/img/derivatives/iiif/images/obj21/full/full/0/default.jpg,/img/derivatives/iiif/obj21/manifest.json
obj22,,,The Scorched Earth,6/10/06,photo,,,22,gallery_item,visual-gallery,"/img/derivatives/iiif/images/obj22/full/250,/0/default.jpg",/img/derivatives/iiif/images/obj22/full/full/0/default.jpg,/img/derivatives/iiif/obj22/manifest.json
obj23,,,Torches to Plough Shares,6/10/06,photo,,,23,gallery_item,visual-gallery,"/img/derivatives/iiif/images/obj23/full/250,/0/default.jpg",/img/derivatives/iiif/images/obj23/full/full/0/default.jpg,/img/derivatives/iiif/obj23/manifest.json
obj24,,,Order of Battle,6/10/06,photo,,,24,gallery_item,visual-gallery,"/img/derivatives/iiif/images/obj24/full/250,/0/default.jpg",/img/derivatives/iiif/images/obj24/full/full/0/default.jpg,/img/derivatives/iiif/obj24/manifest.json
obj25,,,Tortured Tree,6/10/06,photo,,,25,gallery_item,visual-gallery,"/img/derivatives/iiif/images/obj25/full/250,/0/default.jpg",/img/derivatives/iiif/images/obj25/full/full/0/default.jpg,/img/derivatives/iiif/obj25/manifest.json
obj26,,,Boyd-Parker Park 1,6/10/06,photo,,,26,gallery_item,visual-gallery,"/img/derivatives/iiif/images/obj26/full/250,/0/default.jpg",/img/derivatives/iiif/images/obj26/full/full/0/default.jpg,/img/derivatives/iiif/obj26/manifest.json
obj27,,,I'll Take Manhattan!,6/14/06,photo,,,27,gallery_item,visual-gallery,"/img/derivatives/iiif/images/obj27/full/250,/0/default.jpg",/img/derivatives/iiif/images/obj27/full/full/0/default.jpg,/img/derivatives/iiif/obj27/manifest.json
obj28,,,"Old Wine, New Bottle",6/14/06,photo,,,28,gallery_item,visual-gallery,"/img/derivatives/iiif/images/obj28/full/250,/0/default.jpg",/img/derivatives/iiif/images/obj28/full/full/0/default.jpg,/img/derivatives/iiif/obj28/manifest.json
obj29,,,"""The White Woman, Mary Jemison""",6/14/06,photo,,,29,gallery_item,visual-gallery,"/img/derivatives/iiif/images/obj29/full/250,/0/default.jpg",/img/derivatives/iiif/images/obj29/full/full/0/default.jpg,/img/derivatives/iiif/obj29/manifest.json
obj3,Peter Jemison,online,Indians Have Always Paid The Price,1995,composite,,,3,gallery_item,visual-gallery,"/img/derivatives/iiif/images/obj3/full/250,/0/default.jpg",/img/derivatives/iiif/images/obj3/full/full/0/default.jpg,/img/derivatives/iiif/obj3/manifest.json
obj30,,,Gen. John Sullivan with Spear,6/14/06,photo,,,30,gallery_item,visual-gallery,"/img/derivatives/iiif/images/obj30/full/250,/0/default.jpg",/img/derivatives/iiif/images/obj30/full/full/0/default.jpg,/img/derivatives/iiif/obj30/manifest.json
obj31,,,Not One Inch...,6/14/06,photo,,,31,gallery_item,visual-gallery,"/img/derivatives/iiif/images/obj31/full/250,/0/default.jpg",/img/derivatives/iiif/images/obj31/full/full/0/default.jpg,/img/derivatives/iiif/obj31/manifest.json
obj32,,,Stamped in History,6/14/06,photo,,,32,gallery_item,visual-gallery,"/img/derivatives/iiif/images/obj32/full/250,/0/default.jpg",/img/derivatives/iiif/images/obj32/full/full/0/default.jpg,/img/derivatives/iiif/obj32/manifest.json
obj33,,,General Sullivan's Slave House,6/14/06,photo,,,33,gallery_item,visual-gallery,"/img/derivatives/iiif/images/obj33/full/250,/0/default.jpg",/img/derivatives/iiif/images/obj33/full/full/0/default.jpg,/img/derivatives/iiif/obj33/manifest.json
obj34,,,Innovation,6/14/06,photo,,,34,gallery_item,visual-gallery,"/img/derivatives/iiif/images/obj34/full/250,/0/default.jpg",/img/derivatives/iiif/images/obj34/full/full/0/default.jpg,/img/derivatives/iiif/obj34/manifest.json
obj35,,,Big Tree Under Glass,6/14/06,photo,,,35,gallery_item,visual-gallery,"/img/derivatives/iiif/images/obj35/full/250,/0/default.jpg",/img/derivatives/iiif/images/obj35/full/full/0/default.jpg,/img/derivatives/iiif/obj35/manifest.json
obj36,,,Rematch 1,6/14/06,photo,,,36,gallery_item,visual-gallery,"/img/derivatives/iiif/images/obj36/full/250,/0/default.jpg",/img/derivatives/iiif/images/obj36/full/full/0/default.jpg,/img/derivatives/iiif/obj36/manifest.json
obj37,,,"For You, the Precious",6/14/06,photo,,,37,gallery_item,visual-gallery,"/img/derivatives/iiif/images/obj37/full/250,/0/default.jpg",/img/derivatives/iiif/images/obj37/full/full/0/default.jpg,/img/derivatives/iiif/obj37/manifest.json
obj38,,,Rematch 2,6/14/06,photo,,,38,gallery_item,visual-gallery,"/img/derivatives/iiif/images/obj38/full/250,/0/default.jpg",/img/derivatives/iiif/images/obj38/full/full/0/default.jpg,/img/derivatives/iiif/obj38/manifest.json
obj39,,,Road to Tribes Hill,6/14/06,photo,,,39,gallery_item,visual-gallery,"/img/derivatives/iiif/images/obj39/full/250,/0/default.jpg",/img/derivatives/iiif/images/obj39/full/full/0/default.jpg,/img/derivatives/iiif/obj39/manifest.json
obj4,Jennifer Warren,online,Three Sisters,2004,composite,,,4,gallery_item,visual-gallery,"/img/derivatives/iiif/images/obj4/full/250,/0/default.jpg",/img/derivatives/iiif/images/obj4/full/full/0/default.jpg,/img/derivatives/iiif/obj4/manifest.json
obj40,,,End of the Trail?,6/14/06,photo,,,40,gallery_item,visual-gallery,"/img/derivatives/iiif/images/obj40/full/250,/0/default.jpg",/img/derivatives/iiif/images/obj40/full/full/0/default.jpg,/img/derivatives/iiif/obj40/manifest.json
obj41,,,To The Tribe's Hill,6/14/06,photo,,,41,gallery_item,visual-gallery,"/img/derivatives/iiif/images/obj41/full/250,/0/default.jpg",/img/derivatives/iiif/images/obj41/full/full/0/default.jpg,/img/derivatives/iiif/obj41/manifest.json
obj42,,,Drive to Tribes Hill,6/14/06,photo,,,42,gallery_item,visual-gallery,"/img/derivatives/iiif/images/obj42/full/250,/0/default.jpg",/img/derivatives/iiif/images/obj42/full/full/0/default.jpg,/img/derivatives/iiif/obj42/manifest.json
obj43,,,Thru Mohawk Valley,6/14/06,photo,,,43,gallery_item,visual-gallery,"/img/derivatives/iiif/images/obj43/full/250,/0/default.jpg",/img/derivatives/iiif/images/obj43/full/full/0/default.jpg,/img/derivatives/iiif/obj43/manifest.json
obj44,,,Iroquois Trail Rd.,6/14/06,photo,,,44,gallery_item,visual-gallery,"/img/derivatives/iiif/images/obj44/full/250,/0/default.jpg",/img/derivatives/iiif/images/obj44/full/full/0/default.jpg,/img/derivatives/iiif/obj44/manifest.json
obj45,,,Commander-in- chief,5/26/06,photo,,,45,gallery_item,visual-gallery,"/img/derivatives/iiif/images/obj45/full/250,/0/default.jpg",/img/derivatives/iiif/images/obj45/full/full/0/default.jpg,/img/derivatives/iiif/obj45/manifest.json
obj46,,,Cherry Valley!,5/26/06,photo,,,46,gallery_item,visual-gallery,"/img/derivatives/iiif/images/obj46/full/250,/0/default.jpg",/img/derivatives/iiif/images/obj46/full/full/0/default.jpg,/img/derivatives/iiif/obj46/manifest.json
obj47,,,Sullivan-Clinton Road Monument,5/26/06,photo,,,47,gallery_item,visual-gallery,"/img/derivatives/iiif/images/obj47/full/250,/0/default.jpg",/img/derivatives/iiif/images/obj47/full/full/0/default.jpg,/img/derivatives/iiif/obj47/manifest.json
obj48,,,Felled by Tomahawk,5/26/06,photo,,,48,gallery_item,visual-gallery,"/img/derivatives/iiif/images/obj48/full/250,/0/default.jpg",/img/derivatives/iiif/images/obj48/full/full/0/default.jpg,/img/derivatives/iiif/obj48/manifest.json
obj49,,,Signing Off,5/26/06,photo,,,49,gallery_item,visual-gallery,"/img/derivatives/iiif/images/obj49/full/250,/0/default.jpg",/img/derivatives/iiif/images/obj49/full/full/0/default.jpg,/img/derivatives/iiif/obj49/manifest.json
obj5,Ousmane Sow,online,La riposte de Piz'i (Chief Gall),1999,composite,,http://www.ousmanesow.com,5,gallery_item,visual-gallery,"/img/derivatives/iiif/images/obj5/full/250,/0/default.jpg",/img/derivatives/iiif/images/obj5/full/full/0/default.jpg,/img/derivatives/iiif/obj5/manifest.json
obj50,,,Cherry Valley Massacre Monument,5/26/06,photo,,,50,gallery_item,visual-gallery,"/img/derivatives/iiif/images/obj50/full/250,/0/default.jpg",/img/derivatives/iiif/images/obj50/full/full/0/default.jpg,/img/derivatives/iiif/obj50/manifest.json
obj51,,,Gen. John Sullivan,5/26/06,photo,,,51,gallery_item,visual-gallery,"/img/derivatives/iiif/images/obj51/full/250,/0/default.jpg",/img/derivatives/iiif/images/obj51/full/full/0/default.jpg,/img/derivatives/iiif/obj51/manifest.json
obj52,,,Forever Set in Stone,5/26/06,photo,,,52,gallery_item,visual-gallery,"/img/derivatives/iiif/images/obj52/full/250,/0/default.jpg",/img/derivatives/iiif/images/obj52/full/full/0/default.jpg,/img/derivatives/iiif/obj52/manifest.json
obj53,,,Gen. James Clinton,5/26/06,photo,,,53,gallery_item,visual-gallery,"/img/derivatives/iiif/images/obj53/full/250,/0/default.jpg",/img/derivatives/iiif/images/obj53/full/full/0/default.jpg,/img/derivatives/iiif/obj53/manifest.json
obj54,,,Lecture at the Smithsonian Museum of the American Indian,3/25/06,photo,,,54,gallery_item,visual-gallery,"/img/derivatives/iiif/images/obj54/full/250,/0/default.jpg",/img/derivatives/iiif/images/obj54/full/full/0/default.jpg,/img/derivatives/iiif/obj54/manifest.json
obj55,,,Lecture at the Smithsonian Museum of the American Indian,3/25/06,photo,,,55,gallery_item,visual-gallery,"/img/derivatives/iiif/images/obj55/full/250,/0/default.jpg",/img/derivatives/iiif/images/obj55/full/full/0/default.jpg,/img/derivatives/iiif/obj55/manifest.json
obj56,,,Lecture at the Smithsonian Museum of the American Indian,3/25/06,photo,,,56,gallery_item,visual-gallery,"/img/derivatives/iiif/images/obj56/full/250,/0/default.jpg",/img/derivatives/iiif/images/obj56/full/full/0/default.jpg,/img/derivatives/iiif/obj56/manifest.json
obj57,,,Lecture at the Smithsonian Museum of the American Indian,3/25/06,photo,,,57,gallery_item,visual-gallery,"/img/derivatives/iiif/images/obj57/full/250,/0/default.jpg",/img/derivatives/iiif/images/obj57/full/full/0/default.jpg,/img/derivatives/iiif/obj57/manifest.json
obj58,,,Lecture at the Smithsonian Museum of the American Indian,3/25/06,photo,,,58,gallery_item,visual-gallery,"/img/derivatives/iiif/images/obj58/full/250,/0/default.jpg",/img/derivatives/iiif/images/obj58/full/full/0/default.jpg,/img/derivatives/iiif/obj58/manifest.json
obj59,,,Lecture at the Smithsonian Museum of the American Indian,3/25/06,photo,,,59,gallery_item,visual-gallery,"/img/derivatives/iiif/images/obj59/full/250,/0/default.jpg",/img/derivatives/iiif/images/obj59/full/full/0/default.jpg,/img/derivatives/iiif/obj59/manifest.json
obj6,Ousmane Sow,online,Indien depouillant un soldat mort,1999,composite,,http://www.ousmanesow.com,6,gallery_item,visual-gallery,"/img/derivatives/iiif/images/obj6/full/250,/0/default.jpg",/img/derivatives/iiif/images/obj6/full/full/0/default.jpg,/img/derivatives/iiif/obj6/manifest.json
obj60,,,Lecture at the Smithsonian Museum of the American Indian,3/25/06,photo,,,60,gallery_item,visual-gallery,"/img/derivatives/iiif/images/obj60/full/250,/0/default.jpg",/img/derivatives/iiif/images/obj60/full/full/0/default.jpg,/img/derivatives/iiif/obj60/manifest.json
obj61,,,Lecture at the Smithsonian Museum of the American Indian,3/25/06,photo,,,61,gallery_item,visual-gallery,"/img/derivatives/iiif/images/obj61/full/250,/0/default.jpg",/img/derivatives/iiif/images/obj61/full/full/0/default.jpg,/img/derivatives/iiif/obj61/manifest.json
obj62,,,Lecture at the Smithsonian Museum of the American Indian,3/25/06,photo,,,62,gallery_item,visual-gallery,"/img/derivatives/iiif/images/obj62/full/250,/0/default.jpg",/img/derivatives/iiif/images/obj62/full/full/0/default.jpg,/img/derivatives/iiif/obj62/manifest.json
obj63,,,Jemison 02,3/25/06,photo,,,63,gallery_item,visual-gallery,,,
obj64,,,Sign Language,5/7/06,photo,,,64,gallery_item,visual-gallery,"/img/derivatives/iiif/images/obj64/full/250,/0/default.jpg",/img/derivatives/iiif/images/obj64/full/full/0/default.jpg,/img/derivatives/iiif/obj64/manifest.json
obj65,,,Sullivan St. NYC,5/7/06,photo,,,65,gallery_item,visual-gallery,"/img/derivatives/iiif/images/obj65/full/250,/0/default.jpg",/img/derivatives/iiif/images/obj65/full/full/0/default.jpg,/img/derivatives/iiif/obj65/manifest.json
obj66,,,Melting Point,5/7/06,photo,,,66,gallery_item,visual-gallery,"/img/derivatives/iiif/images/obj66/full/250,/0/default.jpg",/img/derivatives/iiif/images/obj66/full/full/0/default.jpg,/img/derivatives/iiif/obj66/manifest.json
obj67,,,End of the Trail?,5/7/06,photo,,,67,gallery_item,visual-gallery,"/img/derivatives/iiif/images/obj67/full/250,/0/default.jpg",/img/derivatives/iiif/images/obj67/full/full/0/default.jpg,/img/derivatives/iiif/obj67/manifest.json
obj68,,,Equus,5/7/06,photo,,,68,gallery_item,visual-gallery,"/img/derivatives/iiif/images/obj68/full/250,/0/default.jpg",/img/derivatives/iiif/images/obj68/full/full/0/default.jpg,/img/derivatives/iiif/obj68/manifest.json
obj69,,,Once A Warrior,5/7/06,photo,,,69,gallery_item,visual-gallery,"/img/derivatives/iiif/images/obj69/full/250,/0/default.jpg",/img/derivatives/iiif/images/obj69/full/full/0/default.jpg,/img/derivatives/iiif/obj69/manifest.json
obj7,Ousmane Sow,online, La riposte de Piz'i (Chief Gall),1999,composite,,http://www.ousmanesow.com,7,gallery_item,visual-gallery,"/img/derivatives/iiif/images/obj7/full/250,/0/default.jpg",/img/derivatives/iiif/images/obj7/full/full/0/default.jpg,/img/derivatives/iiif/obj7/manifest.json
obj70,,,Not At Liberty,5/7/06,photo,,,70,gallery_item,visual-gallery,"/img/derivatives/iiif/images/obj70/full/250,/0/default.jpg",/img/derivatives/iiif/images/obj70/full/full/0/default.jpg,/img/derivatives/iiif/obj70/manifest.json
obj71,,,Equestrian Moment,5/7/06,photo,,,71,gallery_item,visual-gallery,"/img/derivatives/iiif/images/obj71/full/250,/0/default.jpg",/img/derivatives/iiif/images/obj71/full/full/0/default.jpg,/img/derivatives/iiif/obj71/manifest.json
obj72,,,Stilled Life,5/7/06,photo,,,72,gallery_item,visual-gallery,"/img/derivatives/iiif/images/obj72/full/250,/0/default.jpg",/img/derivatives/iiif/images/obj72/full/full/0/default.jpg,/img/derivatives/iiif/obj72/manifest.json
obj73,,,Western Doorstep,5/27/06,photo,,,73,gallery_item,visual-gallery,"/img/derivatives/iiif/images/obj73/full/250,/0/default.jpg",/img/derivatives/iiif/images/obj73/full/full/0/default.jpg,/img/derivatives/iiif/obj73/manifest.json
obj74,Wm. Drennan,,Survivors,1914,photo,"Library of Congress Prints and Photographs Division Washington, D.C. 20540 USA",https://lccn.loc.gov/2007661908,74,gallery_item,visual-gallery,"/img/derivatives/iiif/images/obj74/full/250,/0/default.jpg",/img/derivatives/iiif/images/obj74/full/full/0/default.jpg,/img/derivatives/iiif/obj74/manifest.json
obj75,,,At Wyalusing,5/27/06,photo,,,75,gallery_item,visual-gallery,"/img/derivatives/iiif/images/obj75/full/250,/0/default.jpg",/img/derivatives/iiif/images/obj75/full/full/0/default.jpg,/img/derivatives/iiif/obj75/manifest.json
obj76,,,Cornplanter,5/27/06,photo,,,76,gallery_item,visual-gallery,"/img/derivatives/iiif/images/obj76/full/250,/0/default.jpg",/img/derivatives/iiif/images/obj76/full/full/0/default.jpg,/img/derivatives/iiif/obj76/manifest.json
obj77,,,At The Unveiling,5/27/06,photo,,,77,gallery_item,visual-gallery,"/img/derivatives/iiif/images/obj77/full/250,/0/default.jpg",/img/derivatives/iiif/images/obj77/full/full/0/default.jpg,/img/derivatives/iiif/obj77/manifest.json
obj78,,,Red Jacket,5/27/06,photo,,,78,gallery_item,visual-gallery,"/img/derivatives/iiif/images/obj78/full/250,/0/default.jpg",/img/derivatives/iiif/images/obj78/full/full/0/default.jpg,/img/derivatives/iiif/obj78/manifest.json
obj79,,,Growing Corn,5/27/06,photo,,,79,gallery_item,visual-gallery,"/img/derivatives/iiif/images/obj79/full/250,/0/default.jpg",/img/derivatives/iiif/images/obj79/full/full/0/default.jpg,/img/derivatives/iiif/obj79/manifest.json
obj8,Ousmane Sow,online,Tazsunke Witko (Crazy Horse) est assailli,1999,composite,,http://www.ousmanesow.com,8,gallery_item,visual-gallery,"/img/derivatives/iiif/images/obj8/full/250,/0/default.jpg",/img/derivatives/iiif/images/obj8/full/full/0/default.jpg,/img/derivatives/iiif/obj8/manifest.json
obj80,,,The Haudenosaunee!,5/27/06,photo,,,80,gallery_item,visual-gallery,"/img/derivatives/iiif/images/obj80/full/250,/0/default.jpg",/img/derivatives/iiif/images/obj80/full/full/0/default.jpg,/img/derivatives/iiif/obj80/manifest.json
obj81,,,Tioga (Turning) Point,5/27/06,photo,,,81,gallery_item,visual-gallery,"/img/derivatives/iiif/images/obj81/full/250,/0/default.jpg",/img/derivatives/iiif/images/obj81/full/full/0/default.jpg,/img/derivatives/iiif/obj81/manifest.json
obj82,,,The Western Door,6/11/06,photo,,,82,gallery_item,visual-gallery,"/img/derivatives/iiif/images/obj82/full/250,/0/default.jpg",/img/derivatives/iiif/images/obj82/full/full/0/default.jpg,/img/derivatives/iiif/obj82/manifest.json
obj83,,,The Three Sisters,6/11/06,photo,,,83,gallery_item,visual-gallery,"/img/derivatives/iiif/images/obj83/full/250,/0/default.jpg",/img/derivatives/iiif/images/obj83/full/full/0/default.jpg,/img/derivatives/iiif/obj83/manifest.json
obj84,,,The Warrior's Path,6/11/06,photo,,,84,gallery_item,visual-gallery,"/img/derivatives/iiif/images/obj84/full/250,/0/default.jpg",/img/derivatives/iiif/images/obj84/full/full/0/default.jpg,/img/derivatives/iiif/obj84/manifest.json
obj85,,,Rt. 17 Corn Field,6/11/06,photo,,,85,gallery_item,visual-gallery,"/img/derivatives/iiif/images/obj85/full/250,/0/default.jpg",/img/derivatives/iiif/images/obj85/full/full/0/default.jpg,/img/derivatives/iiif/obj85/manifest.json
obj86,,,Longhouse,6/11/06,photo,,,86,gallery_item,visual-gallery,"/img/derivatives/iiif/images/obj86/full/250,/0/default.jpg",/img/derivatives/iiif/images/obj86/full/full/0/default.jpg,/img/derivatives/iiif/obj86/manifest.json
obj87,,,Iroquoia 1779,6/11/06,photo,,,87,gallery_item,visual-gallery,"/img/derivatives/iiif/images/obj87/full/250,/0/default.jpg",/img/derivatives/iiif/images/obj87/full/full/0/default.jpg,/img/derivatives/iiif/obj87/manifest.json
obj88,,,Scorched Earth,6/11/06,photo,,,88,gallery_item,visual-gallery,"/img/derivatives/iiif/images/obj88/full/250,/0/default.jpg",/img/derivatives/iiif/images/obj88/full/full/0/default.jpg,/img/derivatives/iiif/obj88/manifest.json
obj89,,,Sacred & Imperiled,6/11/06,photo,,,89,gallery_item,visual-gallery,"/img/derivatives/iiif/images/obj89/full/250,/0/default.jpg",/img/derivatives/iiif/images/obj89/full/full/0/default.jpg,/img/derivatives/iiif/obj89/manifest.json
obj9,Ousmane Sow,online, Corps a corps au couteau,1999,composite,,http://www.ousmanesow.com,9,gallery_item,visual-gallery,"/img/derivatives/iiif/images/obj9/full/250,/0/default.jpg",/img/derivatives/iiif/images/obj9/full/full/0/default.jpg,/img/derivatives/iiif/obj9/manifest.json
obj90,,,Stewardship Now,6/11/06,photo,,,90,gallery_item,visual-gallery,"/img/derivatives/iiif/images/obj90/full/250,/0/default.jpg",/img/derivatives/iiif/images/obj90/full/full/0/default.jpg,/img/derivatives/iiif/obj90/manifest.json
obj91,,,NOLA 2005,6/11/06,photo,,,91,gallery_item,visual-gallery,"/img/derivatives/iiif/images/obj91/full/250,/0/default.jpg",/img/derivatives/iiif/images/obj91/full/full/0/default.jpg,/img/derivatives/iiif/obj91/manifest.json
obj92,,,As long as the Rivers flow,6/11/06,photo,,,92,gallery_item,visual-gallery,"/img/derivatives/iiif/images/obj92/full/250,/0/default.jpg",/img/derivatives/iiif/images/obj92/full/full/0/default.jpg,/img/derivatives/iiif/obj92/manifest.json
obj93,,,"Trailblazer, East",6/8/06,photo,,,93,gallery_item,visual-gallery,"/img/derivatives/iiif/images/obj93/full/250,/0/default.jpg",/img/derivatives/iiif/images/obj93/full/full/0/default.jpg,/img/derivatives/iiif/obj93/manifest.json
obj94,,,War Memorial,6/8/06,photo,,,94,gallery_item,visual-gallery,"/img/derivatives/iiif/images/obj94/full/250,/0/default.jpg",/img/derivatives/iiif/images/obj94/full/full/0/default.jpg,/img/derivatives/iiif/obj94/manifest.json
obj95,,,Tioga (Turning) Point,6/8/06,photo,,,95,gallery_item,visual-gallery,"/img/derivatives/iiif/images/obj95/full/250,/0/default.jpg",/img/derivatives/iiif/images/obj95/full/full/0/default.jpg,/img/derivatives/iiif/obj95/manifest.json
obj96,,,Susquehanna Banks,6/8/06,photo,,,96,gallery_item,visual-gallery,"/img/derivatives/iiif/images/obj96/full/250,/0/default.jpg",/img/derivatives/iiif/images/obj96/full/full/0/default.jpg,/img/derivatives/iiif/obj96/manifest.json
obj97,,,Over Ancestral Bones,6/8/06,photo,,,97,gallery_item,visual-gallery,"/img/derivatives/iiif/images/obj97/full/250,/0/default.jpg",/img/derivatives/iiif/images/obj97/full/full/0/default.jpg,/img/derivatives/iiif/obj97/manifest.json
obj98,,,Wyoming!,6/8/06,photo,,,98,gallery_item,visual-gallery,"/img/derivatives/iiif/images/obj98/full/250,/0/default.jpg",/img/derivatives/iiif/images/obj98/full/full/0/default.jpg,/img/derivatives/iiif/obj98/manifest.json
obj99,,,Marking Wyoming,6/8/06,photo,,,99,gallery_item,visual-gallery,"/img/derivatives/iiif/images/obj99/full/250,/0/default.jpg",/img/derivatives/iiif/images/obj99/full/full/0/default.jpg,/img/derivatives/iiif/obj99/manifest.json
